customer_code,customer,avg_discount_percentage
90002009,Flipkart,0.30830000
90002006,Viveks,0.30380000
90002003,Ezone,0.30280000
90002002,Croma,0.30250000
90002004,"Vijay Sales",0.27530000
